{"cameraMode":{"drawMode":0,"name":"Shaded","section":"Shading Mode"},"sceneLighting":false,"audioPlay":false,"sceneViewState":{"m_AlwaysRefresh":false,"showFog":true,"showSkybox":false,"showFlares":true,"showImageEffects":true,"showParticleSystems":true,"showVisualEffectGraphs":true,"m_FxEnabled":true},"in2DMode":false,"pivot":{"x":0.13774408400058747,"y":-0.009884476661682129,"z":-0.3877795338630676},"rotation":{"x":0.512783408164978,"y":-0.48366641998291018,"z":0.4576947093009949,"w":0.5418917536735535},"size":1.7975358963012696,"orthographic":true}