{"cameraMode":{"drawMode":0,"name":"Shaded","section":"Shading Mode"},"sceneLighting":false,"audioPlay":false,"sceneViewState":{"m_AlwaysRefresh":false,"showFog":true,"showSkybox":false,"showFlares":true,"showImageEffects":true,"showParticleSystems":true,"showVisualEffectGraphs":true,"m_FxEnabled":true},"in2DMode":false,"pivot":{"x":0.014369487762451172,"y":0.9740638732910156,"z":0.4591261148452759},"rotation":{"x":0.512783408164978,"y":-0.48366641998291018,"z":0.4576947093009949,"w":0.5418917536735535},"size":2.5545856952667238,"orthographic":true}