{"cameraMode":{"drawMode":0,"name":"Shaded","section":"Shading Mode"},"sceneLighting":true,"audioPlay":false,"sceneViewState":{"m_AlwaysRefresh":false,"showFog":true,"showSkybox":false,"showFlares":true,"showImageEffects":true,"showParticleSystems":true,"showVisualEffectGraphs":true,"m_FxEnabled":true},"in2DMode":false,"pivot":{"x":-0.00012502074241638184,"y":0.12999999523162843,"z":1.1200000047683716},"rotation":{"x":0.512783408164978,"y":-0.48366641998291018,"z":0.4576947093009949,"w":0.5418917536735535},"size":0.8609015345573425,"orthographic":true}